{
  "batch_id": "batch-1775239563688",
  "tier": "tier1",
  "total_runs": 24,
  "timestamp": "2026-04-03T18:06:03.688Z",
  "headline_metrics": {
    "overall_accuracy": 0.5833333333333334,
    "meets_75_threshold": false,
    "convergent_validity_alignment": 0.5833333333333334,
    "harm_weighted_accuracy": 0.8916666666666667,
    "confidence_calibration_ece": 0.04874999999999989,
    "commandment_fidelity_avg": 3.375,
    "commandment_critical_violations": 10,
    "labeled_or_liberated_rate": 0.16666666666666666
  },
  "per_type_accuracy": {
    "1": {
      "accuracy": 1,
      "n": 6,
      "ci_95": [
        0.6096569663469354,
        0.9999999999999999
      ],
      "wing_accuracy": 0,
      "instinctual_variant_accuracy": 1,
      "countertype_accuracy": null,
      "commandment_fidelity_avg": 1.8333333333333333
    },
    "2": {
      "accuracy": 0.5,
      "n": 2,
      "ci_95": [
        0.09452865480086614,
        0.9054713451991339
      ],
      "wing_accuracy": 0,
      "instinctual_variant_accuracy": 0,
      "countertype_accuracy": null,
      "commandment_fidelity_avg": 3
    },
    "3": {
      "accuracy": 0.5,
      "n": 2,
      "ci_95": [
        0.09452865480086614,
        0.9054713451991339
      ],
      "wing_accuracy": 0,
      "instinctual_variant_accuracy": 0,
      "countertype_accuracy": null,
      "commandment_fidelity_avg": 5
    },
    "4": {
      "accuracy": 0.5,
      "n": 2,
      "ci_95": [
        0.09452865480086614,
        0.9054713451991339
      ],
      "wing_accuracy": 0,
      "instinctual_variant_accuracy": 1,
      "countertype_accuracy": null,
      "commandment_fidelity_avg": 2.5
    },
    "5": {
      "accuracy": 0.5,
      "n": 2,
      "ci_95": [
        0.09452865480086614,
        0.9054713451991339
      ],
      "wing_accuracy": 0,
      "instinctual_variant_accuracy": 0,
      "countertype_accuracy": null,
      "commandment_fidelity_avg": 2.5
    },
    "6": {
      "accuracy": 0.6666666666666666,
      "n": 3,
      "ci_95": [
        0.2076549551264879,
        0.9385096847238394
      ],
      "wing_accuracy": 0,
      "instinctual_variant_accuracy": 0,
      "countertype_accuracy": null,
      "commandment_fidelity_avg": 3.3333333333333335
    },
    "7": {
      "accuracy": 0.6666666666666666,
      "n": 3,
      "ci_95": [
        0.2076549551264879,
        0.9385096847238394
      ],
      "wing_accuracy": 0,
      "instinctual_variant_accuracy": 1,
      "countertype_accuracy": null,
      "commandment_fidelity_avg": 3.3333333333333335
    },
    "8": {
      "accuracy": 0,
      "n": 2,
      "ci_95": [
        0,
        0.6576280471103807
      ],
      "wing_accuracy": 0,
      "instinctual_variant_accuracy": 0,
      "countertype_accuracy": null,
      "commandment_fidelity_avg": 9.5
    },
    "9": {
      "accuracy": 0,
      "n": 2,
      "ci_95": [
        0,
        0.6576280471103807
      ],
      "wing_accuracy": 0,
      "instinctual_variant_accuracy": 0,
      "countertype_accuracy": null,
      "commandment_fidelity_avg": 2.5
    }
  },
  "confusion_matrix": [
    [
      6,
      0,
      0,
      0,
      0,
      0,
      0,
      0,
      0
    ],
    [
      0,
      1,
      0,
      0,
      0,
      0,
      0,
      0,
      0
    ],
    [
      0,
      0,
      1,
      0,
      0,
      0,
      0,
      0,
      0
    ],
    [
      0,
      0,
      0,
      1,
      0,
      0,
      0,
      0,
      0
    ],
    [
      0,
      0,
      0,
      0,
      1,
      0,
      0,
      0,
      0
    ],
    [
      0,
      0,
      0,
      0,
      0,
      2,
      0,
      0,
      0
    ],
    [
      0,
      0,
      0,
      0,
      0,
      0,
      2,
      0,
      0
    ],
    [
      0,
      0,
      0,
      0,
      0,
      0,
      0,
      0,
      0
    ],
    [
      2,
      0,
      0,
      0,
      0,
      0,
      0,
      0,
      0
    ]
  ],
  "top_mistype_pairs": [
    {
      "true_type": 9,
      "mistyped_as": 1,
      "count": 2,
      "harm_severity": "medium"
    }
  ],
  "question_quality_aggregate": {
    "avg_disconfirmatory_ratio": 0.020522097727980082,
    "avg_motivational_ratio": 0.18540458384208383,
    "avg_liberatory_ratio": 0.011350373482726425,
    "leading_question_incidents": 2
  },
  "commandment_fidelity_aggregate": {
    "average_cfs": 3.375,
    "per_commandment_pass_rates": {
      "C1": 0.6666666666666666,
      "C2": 0.4666666666666667,
      "C3": 0.8,
      "C4": 0.4666666666666667,
      "C5": 0.3333333333333333,
      "C6": 0.8666666666666667,
      "C7": 0.13333333333333333,
      "C8": 0.8,
      "C9": 0.13333333333333333,
      "C10": 0.3333333333333333
    },
    "weakest_commandments": [
      "C7",
      "C9",
      "C5"
    ],
    "critical_violation_details": [
      {
        "run_id": "eval-persona-1-SP-1775061442975-1775062335281",
        "violation": "C1"
      },
      {
        "run_id": "eval-persona-1-SP-1775061442975-1775062335281",
        "violation": "C6"
      },
      {
        "run_id": "eval-persona-1-SP-1775061442975-1775062335281",
        "violation": "C4"
      },
      {
        "run_id": "eval-persona-1-SP-1775061442975-1775062335281",
        "violation": "C5"
      },
      {
        "run_id": "eval-persona-1-SP-1775061442975-1775062335281",
        "violation": "C2"
      },
      {
        "run_id": "eval-persona-1-SP-1775061442975-1775067403774",
        "violation": "C1"
      },
      {
        "run_id": "eval-persona-1-SP-1775061442975-1775067403774",
        "violation": "C6"
      },
      {
        "run_id": "eval-persona-4-SP-1775061524994-1775237393819",
        "violation": "C4"
      },
      {
        "run_id": "eval-persona-4-SP-1775061524994-1775237393819",
        "violation": "C4"
      },
      {
        "run_id": "eval-persona-7-SP-1775061605565-1775063566833",
        "violation": "C2"
      }
    ]
  },
  "priority_fixes": [
    {
      "priority": "medium",
      "category": "meta",
      "action": "Improvement action generation failed — review transcript manually.",
      "evidence": "N/A | N/A | N/A",
      "source_level": "L1",
      "commandment_alignment": null,
      "estimated_impact": "Frequency: 14/24 runs. Unknown"
    },
    {
      "priority": "critical",
      "category": "commandment_fidelity",
      "action": "Implement a mandatory pre-delivery check that halts any summary or closing statement from explicitly naming the Enneagram type, wing, subtype, or health level. The system's closing statement in [21] delivered a full character synthesis and implicit type reveal ('The pattern that runs you most strongly was built to keep the world from going wrong because no one was watching closely enough — and somewhere along the way, you became the one who watches') which constitutes a direct commandment violation. All closing language must be rewritten to reflect patterns back without labeling or diagnosing.",
      "evidence": "Exchange [21]: 'The pattern that runs you most strongly was built to keep the world from going wrong because no one was watching closely enough' — this statement functionally names the Type 1 core fear and fixation, violating the commandment against revealing type results within the assessment session. The score of 0/10 on commandment_fidelity confirms this is a complete failure.",
      "source_level": "L2",
      "commandment_alignment": "Do not reveal, name, or imply the Enneagram type result to the respondent during or at the conclusion of the assessment",
      "estimated_impact": "Frequency: 1/24 runs. Would move commandment_fidelity score from 0/10 to a passing threshold; eliminates the primary ethical and structural violation present in this transcript"
    },
    {
      "priority": "critical",
      "category": "commandment_fidelity",