{
  "batch_id": "batch-1775412329282",
  "tier": "tier1",
  "total_runs": 64,
  "timestamp": "2026-04-05T18:05:29.282Z",
  "headline_metrics": {
    "overall_accuracy": 0.453125,
    "meets_75_threshold": false,
    "convergent_validity_alignment": 0.453125,
    "harm_weighted_accuracy": 0.8812499999999993,
    "confidence_calibration_ece": 0.054374999999999965,
    "commandment_fidelity_avg": 3.671875,
    "commandment_critical_violations": 13,
    "labeled_or_liberated_rate": 0.09375
  },
  "per_type_accuracy": {
    "1": {
      "accuracy": 0.7142857142857143,
      "n": 14,
      "ci_95": [
        0.4535045882751561,
        0.882788120898909
      ],
      "wing_accuracy": 0,
      "instinctual_variant_accuracy": 1,
      "countertype_accuracy": null,
      "commandment_fidelity_avg": 2.7142857142857144
    },
    "2": {
      "accuracy": 0.5,
      "n": 6,
      "ci_95": [
        0.18761280689940868,
        0.8123871931005913
      ],
      "wing_accuracy": 0,
      "instinctual_variant_accuracy": 0.6666666666666666,
      "countertype_accuracy": null,
      "commandment_fidelity_avg": 4
    },
    "3": {
      "accuracy": 0.3333333333333333,
      "n": 6,
      "ci_95": [
        0.09676933255921683,
        0.7000116786584712
      ],
      "wing_accuracy": 0,
      "instinctual_variant_accuracy": 0,
      "countertype_accuracy": null,
      "commandment_fidelity_avg": 4
    },
    "4": {
      "accuracy": 0.5,
      "n": 6,
      "ci_95": [
        0.18761280689940868,
        0.8123871931005913
      ],
      "wing_accuracy": 0,
      "instinctual_variant_accuracy": 1,
      "countertype_accuracy": null,
      "commandment_fidelity_avg": 2.5
    },
    "5": {
      "accuracy": 0.5,
      "n": 6,
      "ci_95": [
        0.18761280689940868,
        0.8123871931005913
      ],
      "wing_accuracy": 0,
      "instinctual_variant_accuracy": 0,
      "countertype_accuracy": null,
      "commandment_fidelity_avg": 2.5
    },
    "6": {
      "accuracy": 0.5714285714285714,
      "n": 7,
      "ci_95": [
        0.2504542304090258,
        0.8417830777373732
      ],
      "wing_accuracy": 0,
      "instinctual_variant_accuracy": 0,
      "countertype_accuracy": null,
      "commandment_fidelity_avg": 3.5714285714285716
    },
    "7": {
      "accuracy": 0.5714285714285714,
      "n": 7,
      "ci_95": [
        0.2504542304090258,
        0.8417830777373732
      ],
      "wing_accuracy": 0,
      "instinctual_variant_accuracy": 0.75,
      "countertype_accuracy": null,
      "commandment_fidelity_avg": 4.285714285714286
    },
    "8": {
      "accuracy": 0,
      "n": 6,
      "ci_95": [
        0,
        0.3903430336530645
      ],
      "wing_accuracy": 0,
      "instinctual_variant_accuracy": 0,
      "countertype_accuracy": null,
      "commandment_fidelity_avg": 6.5
    },
    "9": {
      "accuracy": 0,
      "n": 6,
      "ci_95": [
        0,
        0.3903430336530645
      ],
      "wing_accuracy": 0,
      "instinctual_variant_accuracy": 0,
      "countertype_accuracy": null,
      "commandment_fidelity_avg": 4.166666666666667
    }
  },
  "confusion_matrix": [
    [
      10,
      0,
      0,
      0,
      0,
      0,
      0,
      0,
      0
    ],
    [
      0,
      3,
      0,
      0,
      0,
      0,
      0,
      0,
      0
    ],
    [
      0,
      0,
      2,
      0,
      0,
      0,
      0,
      0,
      0
    ],
    [
      0,
      0,
      0,
      3,
      0,
      0,
      0,
      0,
      0
    ],
    [
      0,
      0,
      0,
      0,
      3,
      0,
      0,
      0,
      0
    ],
    [
      0,
      0,
      0,
      0,
      0,
      4,
      0,
      0,
      0
    ],
    [
      0,
      0,
      0,
      0,
      0,
      0,
      4,
      0,
      0
    ],
    [
      0,
      0,
      0,
      0,
      0,
      0,
      0,
      0,
      0
    ],
    [
      2,
      0,
      0,
      0,
      0,
      0,
      0,
      0,
      0
    ]
  ],
  "top_mistype_pairs": [
    {
      "true_type": 9,
      "mistyped_as": 1,
      "count": 2,
      "harm_severity": "medium"
    }
  ],
  "question_quality_aggregate": {
    "avg_disconfirmatory_ratio": 0.0147859404178338,
    "avg_motivational_ratio": 0.12010682077318105,
    "avg_liberatory_ratio": 0.011850052521008403,
    "leading_question_incidents": 5
  },
  "commandment_fidelity_aggregate": {
    "average_cfs": 3.671875,
    "per_commandment_pass_rates": {
      "C1": 0.7241379310344828,
      "C2": 0.4827586206896552,
      "C3": 0.8275862068965517,
      "C4": 0.5172413793103449,
      "C5": 0.3103448275862069,
      "C6": 0.8620689655172413,
      "C7": 0.10344827586206896,
      "C8": 0.7586206896551724,
      "C9": 0.1724137931034483,
      "C10": 0.27586206896551724
    },
    "weakest_commandments": [
      "C7",
      "C9",
      "C10"
    ],
    "critical_violation_details": [
      {
        "run_id": "eval-persona-1-SP-1775061442975-1775062335281",
        "violation": "C1"
      },
      {
        "run_id": "eval-persona-1-SP-1775061442975-1775062335281",
        "violation": "C6"
      },
      {
        "run_id": "eval-persona-1-SP-1775061442975-1775062335281",
        "violation": "C4"
      },
      {
        "run_id": "eval-persona-1-SP-1775061442975-1775062335281",
        "violation": "C5"
      },
      {
        "run_id": "eval-persona-1-SP-1775061442975-1775062335281",
        "violation": "C2"
      },
      {
        "run_id": "eval-persona-1-SP-1775061442975-1775067403774",
        "violation": "C1"
      },
      {
        "run_id": "eval-persona-1-SP-1775061442975-1775067403774",
        "violation": "C6"
      },
      {
        "run_id": "eval-persona-3-SX-1775249098896-1775254458642",
        "violation": "C6"
      },
      {
        "run_id": "eval-persona-3-SX-1775249098896-1775254458642",
        "violation": "C1"
      },
      {
        "run_id": "eval-persona-4-SP-1775061524994-1775237393819",
        "violation": "C4"
      },
      {
        "run_id": "eval-persona-4-SP-1775061524994-1775237393819",
        "violation": "C4"
      },
      {
        "run_id": "eval-persona-5-SO-1775061550416-1775256808284",
        "violation": "C4"
      },
      {
        "run_id": "eval-persona-7-SP-1775061605565-1775063566833",
        "violation": "C2"
      }
    ]
  },
  "priority_fixes": [
    {
      "priority": "medium",
      "category": "meta",
      "action": "Improvement action generation failed — review transcript manually.",
      "evidence": "N/A | N/A | N/A",
      "source_level": "L1",
      "commandment_alignment": null,
      "estimated_impact": "Frequency: 40/64 runs. Unknown"
    },
    {
      "priority": "critical",
      "category": "commandment_fidelity",
      "action": "Implement a hard rule preventing the system from delivering any interpretive summary, type reveal, or thematic synthesis during the assessment itself. The closing summary in exchange [22] explicitly names the user's 'pattern,' frames their psychology as a coherent narrative, and delivers a soft type reveal ('You contain all nine of these energies, but this one runs you hardest') — all of which violate the prohibition on premature closure and editorializing. The assessment must end with a neutral transition to the report, not a therapist-style monologue.",