{
  "batch_id": "batch-1775505232004",
  "tier": "tier1",
  "total_runs": 36,
  "timestamp": "2026-04-06T19:53:52.004Z",
  "headline_metrics": {
    "overall_accuracy": 0.3055555555555556,
    "meets_75_threshold": false,
    "convergent_validity_alignment": 0.3333333333333333,
    "harm_weighted_accuracy": 0.8527777777777782,
    "confidence_calibration_ece": 0.10277777777777776,
    "commandment_fidelity_avg": 5.5,
    "commandment_critical_violations": 1,
    "labeled_or_liberated_rate": 0.08333333333333333
  },
  "per_type_accuracy": {
    "1": {
      "accuracy": 0.8333333333333334,
      "n": 6,
      "ci_95": [
        0.43649056343635395,
        0.9699474141282697
      ],
      "wing_accuracy": 0,
      "instinctual_variant_accuracy": 1,
      "countertype_accuracy": null,
      "commandment_fidelity_avg": 3.1666666666666665
    },
    "2": {
      "accuracy": 0.6666666666666666,
      "n": 3,
      "ci_95": [
        0.2076549551264879,
        0.9385096847238394
      ],
      "wing_accuracy": 0,
      "instinctual_variant_accuracy": 0.5,
      "countertype_accuracy": null,
      "commandment_fidelity_avg": 6.333333333333333
    },
    "3": {
      "accuracy": 0.6666666666666666,
      "n": 3,
      "ci_95": [
        0.2076549551264879,
        0.9385096847238394
      ],
      "wing_accuracy": 0,
      "instinctual_variant_accuracy": 0,
      "countertype_accuracy": null,
      "commandment_fidelity_avg": 3.3333333333333335
    },
    "4": {
      "accuracy": 0,
      "n": 4,
      "ci_95": [
        0,
        0.48990002040399916
      ],
      "wing_accuracy": 0,
      "instinctual_variant_accuracy": 0,
      "countertype_accuracy": null,
      "commandment_fidelity_avg": 6.25
    },
    "5": {
      "accuracy": 0.25,
      "n": 4,
      "ci_95": [
        0.045586062644636216,
        0.6993639475573634
      ],
      "wing_accuracy": 0,
      "instinctual_variant_accuracy": 0,
      "countertype_accuracy": null,
      "commandment_fidelity_avg": 6.25
    },
    "6": {
      "accuracy": 0.25,
      "n": 4,
      "ci_95": [
        0.045586062644636216,
        0.6993639475573634
      ],
      "wing_accuracy": 0,
      "instinctual_variant_accuracy": 0,
      "countertype_accuracy": null,
      "commandment_fidelity_avg": 6.25
    },
    "7": {
      "accuracy": 0,
      "n": 4,
      "ci_95": [
        0,
        0.48990002040399916
      ],
      "wing_accuracy": 0,
      "instinctual_variant_accuracy": 1,
      "countertype_accuracy": null,
      "commandment_fidelity_avg": 6.25
    },
    "8": {
      "accuracy": 0,
      "n": 4,
      "ci_95": [
        0,
        0.48990002040399916
      ],
      "wing_accuracy": 0,
      "instinctual_variant_accuracy": 0,
      "countertype_accuracy": null,
      "commandment_fidelity_avg": 6.25
    },
    "9": {
      "accuracy": 0,
      "n": 4,
      "ci_95": [
        0,
        0.48990002040399916
      ],
      "wing_accuracy": 0,
      "instinctual_variant_accuracy": 0,
      "countertype_accuracy": null,
      "commandment_fidelity_avg": 6.25
    }
  },
  "confusion_matrix": [
    [
      5,
      0,
      0,
      0,
      0,
      0,
      0,
      0,
      0
    ],
    [
      0,
      2,
      0,
      0,
      0,
      0,
      0,
      0,
      0
    ],
    [
      0,
      0,
      2,
      0,
      0,
      0,
      0,
      0,
      0
    ],
    [
      0,
      0,
      0,
      0,
      0,
      0,
      0,
      0,
      0
    ],
    [
      0,
      0,
      0,
      0,
      1,
      0,
      0,
      0,
      0
    ],
    [
      0,
      0,
      0,
      0,
      0,
      1,
      0,
      0,
      0
    ],
    [
      0,
      0,
      0,
      0,
      0,
      1,
      0,
      0,
      0
    ],
    [
      0,
      0,
      0,
      0,
      0,
      0,
      0,
      0,
      0
    ],
    [
      0,
      0,
      0,
      1,
      0,
      0,
      0,
      0,
      0
    ]
  ],
  "top_mistype_pairs": [
    {
      "true_type": 7,
      "mistyped_as": 6,
      "count": 1,
      "harm_severity": "medium"
    },
    {
      "true_type": 9,
      "mistyped_as": 4,
      "count": 1,
      "harm_severity": "low"
    }
  ],
  "question_quality_aggregate": {
    "avg_disconfirmatory_ratio": 0.017994929453262785,
    "avg_motivational_ratio": 0.06043320105820106,
    "avg_liberatory_ratio": 0.00636574074074074,
    "leading_question_incidents": 4
  },
  "commandment_fidelity_aggregate": {
    "average_cfs": 5.5,
    "per_commandment_pass_rates": {
      "I": 0.16666666666666666,
      "II": 0.16666666666666666,
      "III": 0.3333333333333333,
      "IV": 0.6666666666666666,
      "V": 0.16666666666666666,
      "VI": 0,
      "VII": 0.16666666666666666,
      "VIII": 0.3333333333333333,
      "IX": 0,
      "X": 0.16666666666666666,
      "C1": 1,
      "C2": 0.3333333333333333,
      "C3": 0.6666666666666666,
      "C4": 0.5555555555555556,
      "C5": 0.3333333333333333,
      "C6": 1,
      "C7": 0.3333333333333333,
      "C8": 0.8888888888888888,
      "C9": 0.3333333333333333,
      "C10": 0.4444444444444444
    },
    "weakest_commandments": [
      "VI",
      "IX",
      "I"
    ],
    "critical_violation_details": [
      {
        "run_id": "eval-persona-3-SX-1775061498937-1775499901970",
        "violation": "C4"
      }
    ]
  },
  "priority_fixes": [
    {
      "priority": "medium",
      "category": "meta",
      "action": "Improvement action generation failed — review transcript manually.",
      "evidence": "N/A | N/A | N/A",
      "source_level": "L1",
      "commandment_alignment": null,
      "estimated_impact": "Frequency: 20/36 runs. Unknown"
    },
    {
      "priority": "critical",
      "category": "confidence_calibration",
      "action": "Implement an explicit type hypothesis tracking and disclosure system. Before generating the final report, the assessor must surface its working type hypothesis with a stated confidence level and reasoning, and invite the user to confirm or challenge it. This prevents the system from delivering a polished report without ever naming the type or explaining the inferential basis for its conclusions.",
      "evidence": "Exchanges [12]-[13]: The system pivots directly from a poetic summary observation ('waiting at the door of your own life') into 'Your personalized report is being prepared now' without ever naming Type 4, stating confidence levels, or explaining why this pattern maps to a specific Enneagram type. The report in [13] describes Type 4 phenomenology accurately but never names it, making the assessment unverifiable by the user. Confidence_calibration score of 1/10 reflects this total absence.",
      "source_level": "L2",
      "commandment_alignment": "Do not pretend to know what you do not know",
      "estimated_impact": "Frequency: 1/36 runs. Would raise confidence_calibration from 1/10 toward 7+/10 by making the system's reasoning transparent and falsifiable, allowing users and evaluators to audit type assignment logic."
    },
    {
      "priority": "critical",
      "category": "type_differentiation",
      "action": "Introduce at least two targeted divergent-validity probes that distinguish Type 4 from Types 2 and 9, the most commonly confused adjacent types given this persona's profile. Specifically, ask about shame around neediness (4 vs. 2) and about self-erasure under conflict (4 vs. 9), since both share the 'feeling unseen' presentation but have distinct motivational roots.",
      "evidence": "Exchange [1]: The persona selects 'feeling unseen' — a response compatible with Types 2, 4, and 9. Exchange [7]: The persona describes softening needs for others' comfort, which overlaps with Type 9 conflict avoidance and Type 2 relational management. No question in the transcript attempts to rule out these alternatives. Core_type_accuracy of 5/10 and convergent_validity of 5/10 reflect insufficient discriminant probing.",
      "source_level": "L2",
      "commandment_alignment": null,